lat,lon,yaw,vf,ax,ay,az
49.009347760599,8.4371344308375,-0.2697266732051,10.695750797331,0.0059525410318346,0.845164147132,9.9149729634473
49.009344871709,8.4371499178574,-0.2696086732051,10.709610967122,0.081271437896475,0.99064156439495,10.267645855742
49.009342262652,8.4371640536639,-0.2696576732051,10.725885030825,0.17847029754065,0.83262424776521,10.211570727565
49.009339636747,8.4371781540271,-0.2695066732051,10.726178988041,-0.13372313684398,0.46137397658144,9.3234503411469
49.009336728127,8.4371936621844,-0.2691476732051,10.717371820015,-0.17292995080361,0.62685627159179,9.4751642571232
49.00933409999,8.4372077307197,-0.2689336732051,10.702390223302,-0.25747447226692,0.61582440263901,9.5828595662277
49.009331218946,8.4372231866491,-0.2686856732051,10.682947610956,-0.28322646458036,0.71975206860073,9.6816766688517
49.009328642942,8.4372373010387,-0.2685406732051,10.663817787463,-0.27103075450499,0.80882920613639,9.8344047299026
49.009326133312,8.4372515308093,-0.2684706732051,10.63999129939,-0.32697821810061,0.69390555694888,9.9044462339459
49.009323388409,8.437267180108,-0.2682586732051,10.622189066002,-0.23432351646976,0.64861322469559,9.9402164587392
49.009320791575,8.437281291901,-0.2681186732051,10.597999752824,-0.39965982013786,0.66953732351205,9.9563696974105
49.009317982573,8.4372953419674,-0.2681476732051,10.570557945242,-0.37093071168234,0.71596948825886,9.7064695242128
49.009315013537,8.4373106807815,-0.2681456732051,10.534358771381,-0.44756456449149,0.65105612734492,9.7235164849574
49.009312268204,8.4373245873168,-0.2682426732051,10.505917803163,-0.32529806409665,0.49161521923132,9.8636651326229
49.009309585826,8.4373384392202,-0.2680556732051,10.480862624702,-0.43141518419552,0.72427458680329,9.9729865623705
49.009306654114,8.4373536084938,-0.2679066732051,10.446271940938,-0.4403658244936,0.63635962448159,9.7009859464664
49.00930402132,8.4373673346313,-0.2677236732051,10.412297411123,-0.44488535117319,0.55700627647936,9.6445575385742
49.00930139016,8.4373810155149,-0.2675866732051,10.379826172287,-0.50779071529895,0.61326345158785,9.6888810365009
49.009298502344,8.437395992937,-0.2674996732051,10.329900783204,-0.58720689356309,0.87035356142897,9.6917001380472
49.009295921834,8.437409562274,-0.2675546732051,10.283623256104,-0.53633901862866,0.26637230232807,9.6485652812684
49.009293349918,8.437423051975,-0.2672316732051,10.243324821,-0.54563741023983,0.85309023785972,10.02095097527
49.009290561426,8.4374378915263,-0.2673756732051,10.225560430505,-0.22884300819456,0.86935759374716,10.073580559334
49.00928800143,8.4374513536616,-0.2675466732051,10.214855215939,-0.16703503418668,0.45570891535071,9.3950452480131
49.00928545548,8.4374647699686,-0.2674906732051,10.205902385155,-0.18876590107256,0.55008267484008,9.6058354267306
49.009282655279,8.4374795206004,-0.2676316732051,10.203693835074,-0.06364168749207,0.60336894862718,9.6280021693039
49.009279748776,8.4374929139669,-0.2674406732051,10.205729630784,-0.0045955673037047,0.57797912976704,9.6560647439358
49.009277193963,8.4375064260665,-0.2668016732051,10.216860364535,0.16168233604637,0.66705033387061,9.6024008365709
49.009274367618,8.4375213055736,-0.2663596732051,10.24700083821,0.22898567670589,0.63174721309211,10.181614319585
49.009271813375,8.4375348540205,-0.2658046732051,10.277013789208,0.23297486252342,0.54636019999614,9.9928446465481
49.009268849019,8.4375486181924,-0.2655246732051,10.302918167618,0.086180629048383,0.44012369145096,9.6562467313382
49.009266089211,8.4375636939048,-0.2646236732051,10.327997719023,0.13659730399001,0.40884992063437,9.4953398037201
49.009263621872,8.4375773648618,-0.2638166732051,10.353432928056,0.18558233658923,0.42703716829573,9.710553489849
49.009260837848,8.4375924011848,-0.2626626732051,10.389315975036,0.26592179102691,0.52447126936327,9.927107567411
49.009258027647,8.4376062873017,-0.2619166732051,10.423419081731,0.22030903265644,0.49931838143997,9.8327411500031
49.009255309695,8.4376201772858,-0.2613126732051,10.460982738667,0.24829358853227,0.55299903439075,9.7925145316933
49.009252301131,8.437635537036,-0.2616446732051,10.506829913042,0.34279409030774,0.49244382985791,9.6778162046977
49.00924958752,8.4376494796384,-0.2628816732051,10.556578426013,0.37390148417329,0.44391795175674,9.8682107126188
49.009246855453,8.4376634449173,-0.2646786732051,10.60136904283,0.27213921920748,0.20196200933147,9.6962133773225
49.009243825356,8.4376788037752,-0.2670826732051,10.647508292931,0.28813244169213,0.2068586365415,9.5698174807161
49.009241103781,8.4376926809237,-0.2696406732051,10.69034834371,0.33523452174359,-0.068002522002342,9.6335478122984
49.009238378631,8.4377066723947,-0.2719776732051,10.7336669422,0.3318925493436,0.17667795154934,9.9654110718475
49.009235334493,8.4377222470096,-0.2746806732051,10.790177376758,0.38831580783116,0.19829628521255,9.8988171145699
49.009232282132,8.4377362081418,-0.2771116732051,10.834933892443,0.30142670803933,0.15295097110114,9.7833905277665
49.009229231304,8.4377502935738,-0.2794306732051,10.87940014557,0.33191460572838,0.24680732351803,9.6736667110512
49.009225810281,8.4377659173434,-0.2818676732051,10.924918390821,0.31997568349683,0.21029388975362,9.7847843679274
49.009222725871,8.4377802137487,-0.2837916732051,10.969258001743,0.23060751423224,0.31986384052214,9.9127989422238
49.009219602041,8.4377945180416,-0.2851386732051,11.006477080547,0.28245118038978,0.28842346243592,10.03130872747
49.009216122777,8.4378102724514,-0.2869296732051,11.033912700104,-0.022192288542516,0.18060941423173,9.8207813063255
49.009213005752,8.4378246743337,-0.2878276732051,11.037485584763,-0.15072813044789,0.5597953076817,9.576910066311
49.009209909527,8.4378391172827,-0.2884876732051,11.034363081985,-0.083312229538807,0.48008058549235,9.6989625952689
49.00920660141,8.4378549983772,-0.2893336732051,11.045168305835,0.087313700460964,0.69908110529031,10.385104043322
49.009203581989,8.4378694350746,-0.2903226732051,11.057151660754,0.044170966946199,0.66823319681712,10.431944937032
49.009200592914,8.437883877694,-0.2912006732051,11.056150627035,-0.18135611186667,0.32222866289046,9.3977043446752
49.009197480826,8.4378998118934,-0.2912576732051,11.042190079979,-0.21574826879615,0.35061668353745,9.5098178513343
49.009194629667,8.4379143372775,-0.2910266732051,11.032951528177,-0.17037452999148,0.46428364435302,9.6639527491143
49.009191601358,8.4379302699593,-0.2902886732051,11.028454431344,-0.10855091456658,0.63938775347574,9.8668461492395
49.009188738603,8.437944745145,-0.2891276732051,11.02639901065,-0.025557510044242,0.68770144904858,9.8688503228681
49.009185861084,8.4379592369221,-0.2875166732051,11.023525667132,-0.18693905553866,0.8411948593863,9.5785457945225
49.009182997136,8.4379737613557,-0.2857856732051,11.020103705512,-0.088856660082058,0.81181962257349,9.7051124401625
49.009179747328,8.4379897100247,-0.2840156732051,11.025161390266,-0.041543868110251,0.79601300641598,9.8476284645153
49.00917682583,8.4380042284395,-0.2825756732051,11.038036370299,0.062789761726568,0.8283571885981,9.9222288345913
49.00917391905,8.4380187277036,-0.2809946732051,11.046677892838,-0.044438248922037,0.79525882819117,9.6772554343097
49.009170822787,8.4380348274531,-0.2790556732051,11.052195512975,-0.081762214595387,0.68719718473761,9.4792355922848
49.009167944807,8.438049471832,-0.2771576732051,11.060691657323,0.034705773309955,0.67698608391353,9.829630054018
49.009165079092,8.4380641277883,-0.2753936732051,11.077007618861,0.071263646272632,0.65211835216045,10.037950321248
49.00916194784,8.4380803031752,-0.2734786732051,11.093954720108,0.058791792752445,0.6368278265992,10.008662500783
49.009159117752,8.4380950321347,-0.2715936732051,11.106176015963,0.054517223174816,0.55494006403328,9.8859984219197
49.00915632533,8.4381097838766,-0.2701036732051,11.124449434625,0.15100102931197,0.49931688047781,9.9460589435259
49.009153311468,8.4381259443237,-0.2684266732051,11.146881660237,0.13649133510007,0.59835244528876,9.9867035548753
49.009150672147,8.4381406803842,-0.2669346732051,11.164535018242,0.083529075331258,0.54709886521169,9.6738785877734
49.009148015671,8.4381554236262,-0.2654206732051,11.17978665967,0.092241089316808,0.48582155228752,9.5492578250432
49.009145134971,8.4381716744555,-0.2636756732051,11.195356164785,0.069952676287486,0.60579641585919,9.5790861031362
49.009142475422,8.4381864823678,-0.2623766732051,11.215674936006,0.10258373538547,0.48572513524886,9.7813200483969
49.009139607654,8.4382028142656,-0.2605956732051,11.242832709108,0.18610915838543,0.52238048703507,9.8486155064734
49.009136945268,8.4382176749281,-0.2590086732051,11.266712488162,0.095689445453362,0.47231379374535,9.7355048078601
49.009134244763,8.4382325279468,-0.2571986732051,11.287933624705,0.089925547295484,0.56458467854156,9.4729490620142
49.009131233209,8.4382488504912,-0.2550756732051,11.308646260872,0.058560707332382,0.63032699035346,9.522328834582
49.009128517129,8.4382637354754,-0.2532116732051,11.328162003,0.066970693105529,0.73420708724822,9.6779754802918
49.009125774902,8.438278648061,-0.2514756732051,11.349374990618,0.15952237825948,0.65157890723281,9.7406517805169
49.00912275046,8.4382951221649,-0.2496156732051,11.377653711813,0.10072080006097,0.70998683795577,10.02241540076
49.00911997559,8.4383101258361,-0.2483316732051,11.392221929074,-0.0076740626542387,0.61655975308477,9.9175381991125
49.009117242191,8.4383251424713,-0.2477116732051,11.388719189517,-0.17344330197672,0.59470891750441,9.7452626144052
49.009114234111,8.4383416522011,-0.2474726732051,11.38443861368,-0.13887557302652,0.35018273780379,9.8502320709583
49.00911157834,8.4383565818437,-0.2472836732051,11.374574822503,-0.23502552436212,0.45079880064338,10.038920753426
49.009108917325,8.4383714910068,-0.2474596732051,11.355481334029,-0.36613761261177,0.27716716142966,9.6514867246293
49.009105978152,8.4383878411577,-0.2478446732051,11.321445664295,-0.3233395444356,0.50258056563823,9.5909301518221
49.009103299262,8.4384026977894,-0.2491426732051,11.301322011035,-0.35428043297878,0.36245745054215,9.8313325005756
49.00910062207,8.4384175129722,-0.2509576732051,11.27828330518,-0.38987068790985,0.49880456126099,9.7539683376143
49.009097676538,8.4384337809094,-0.2533886732051,11.24346101836,-0.40105461729222,0.26586423998466,9.7006290922225
49.009094977721,8.4384485095118,-0.2559676732051,11.210172897155,-0.42643012187631,0.1414103078159,9.8931933387892
49.009091986375,8.4384646715987,-0.2584956732051,11.168237633589,-0.47939804921136,0.44332274688191,9.8285047164696
49.009089250055,8.4384793311387,-0.2612026732051,11.135456728814,-0.40910215302497,0.1718892443859,10.053026278017
49.009086475757,8.4384939898568,-0.2636416732051,11.108405284106,-0.29344311953617,0.27059025219392,10.223018562533
49.009083407093,8.438510072701,-0.2659876732051,11.083525888523,-0.25428873733591,0.40467911443052,9.973244603477
49.009080615047,8.4385246557686,-0.2679176732051,11.067416379622,-0.15200197899025,0.24998158041964,9.4939768060666
49.009077809258,8.4385392344779,-0.2693496732051,11.062007008564,-0.089329855553194,0.20914437668756,9.5726760566529
49.009074813814,8.4385553039915,-0.2701846732051,11.060536684712,-0.02037126411766,0.41730831832504,9.6084233575492
49.009072089347,8.4385699094832,-0.2701526732051,11.070260714742,0.04268369146048,0.49009826855209,9.8390927146473
49.009069459215,8.4385845924843,-0.2694576732051,11.081268805368,0.078594213790119,0.57337570777934,9.853066112484
49.009066491662,8.4386007413096,-0.2686876732051,11.095697024506,0.013371372238027,0.64313571417348,9.7843217601291
49.009063860899,8.4386155130767,-0.2679456732051,11.108684214512,0.050752295950778,0.6850926887833,9.7057371382716
49.009061191013,8.4386302612211,-0.2675366732051,11.124516829008,0.018039208403211,0.63189040889423,9.7072649266238
49.009058277688,8.4386465115251,-0.2668016732051,11.133481342001,-0.049798726300831,0.63124853054836,9.9302700860675
49.009055600843,8.4386612340368,-0.2661936732051,11.128839699896,-0.18766504501081,0.43180331192464,9.7349039796769
49.009052895385,8.4386759590397,-0.2655886732051,11.121441492014,-0.18980608241177,0.63759412609515,9.873489627438
49.009049956232,8.4386921452296,-0.2650446732051,11.107892263702,-0.294033653154,0.48572083273779,9.8411979034858
49.00904733811,8.4387067246662,-0.2648456732051,11.078266875762,-0.45792495049166,0.45160729460921,9.7169905219271
49.009044754695,8.4387212625476,-0.2648396732051,11.051535783037,-0.29307992232801,0.44347346302549,9.6996942211264
49.009041868972,8.4387372137021,-0.2649136732051,11.019545068597,-0.33611835963382,0.41309588493942,9.8270173140182
49.009039272412,8.4387517151272,-0.2648406732051,10.99352166168,-0.35294704759072,0.24181341448411,9.8318251158272
49.009036706569,8.4387661822578,-0.2648636732051,10.963134314421,-0.35563114996783,0.4245805948717,10.012670387019
49.009033949223,8.4387820525437,-0.2648616732051,10.930854833035,-0.31731923651048,0.27298929519784,9.7441103097598
49.0090314022,8.4387964227715,-0.2647516732051,10.898550867219,-0.4333259625257,0.27277701874319,9.9895653878988
49.009028849665,8.4388107409905,-0.2650676732051,10.864492986151,-0.4014020596203,0.370840293078,9.5668641269525
49.009026264825,8.4388263050402,-0.2655686732051,10.820413645579,-0.41362650071643,0.32937296582602,9.6688742714708
49.009023841917,8.438840429356,-0.2660096732051,10.783939152711,-0.37986689017202,0.1750541417567,9.8963109629965
49.009021196462,8.4388558985199,-0.2665766732051,10.744285660912,-0.42742918597508,0.14932114938658,9.9979194634949
49.009018737576,8.4388698499619,-0.2671046732051,10.706981619366,-0.45821690817835,0.18574708653684,9.7580330481704
49.009016402647,8.4388837945921,-0.2675586732051,10.66530525236,-0.50004717865143,0.027582961679605,9.7392413184405
49.009013677484,8.4388991268659,-0.2677506732051,10.61685448137,-0.56283549535106,0.19881631079646,9.6755861386358
49.009011435706,8.4389131451284,-0.2679916732051,10.563362606234,-0.63789030150809,0.32378828990559,9.4054084840145
49.009009085516,8.4389270548665,-0.2680406732051,10.521023117273,-0.57165071445949,0.25551357071705,9.7721538098742
49.009006529914,8.4389423195076,-0.2682836732051,10.478048059473,-0.4450554156172,0.25286562044954,10.086464111852
49.009004139726,8.4389561499352,-0.2687826732051,10.445272939865,-0.52561589340332,0.44804123069094,9.7837530437488
49.00900171808,8.4389699008211,-0.2689806732051,10.396100755207,-0.67413590070599,0.3692380676527,8.7301808833251
49.008999057076,8.4389850044288,-0.2687526732051,10.343655359759,-0.70847671549323,0.43958930073842,9.8229081463208
49.008996576444,8.4389987606525,-0.2684016732051,10.299640343355,-0.51958177580851,0.47487589153844,9.8068756275211
49.008994139427,8.4390125101702,-0.2686136732051,10.265472648851,-0.54877315400146,0.27344649002604,9.8555110181245
49.008991433324,8.4390274599707,-0.2688756732051,10.222499679953,-0.5528282845021,0.38658746506422,9.8565973698298
49.008988979024,8.4390411180066,-0.2691536732051,10.182206017722,-0.637738298337,0.33492939864127,9.5864767876447
49.008986540396,8.4390546596135,-0.2695136732051,10.140352794409,-0.65520875872157,0.25036288879293,9.6817586163755
49.008983897017,8.4390694039641,-0.2699776732051,10.090887582445,-0.6748466724176,0.33762166464546,9.8318223006953
49.008981432893,8.4390826049873,-0.2705626732051,10.041214588893,-0.65387177798757,0.33288292531335,9.7796986742275
49.008978942181,8.439095717802,-0.2711176732051,9.9881339324555,-0.64718944029787,0.40519668758448,9.9616416213433
49.00897618019,8.4391100724931,-0.2717476732051,9.9295350656425,-0.65257720264306,0.45823840289562,10.151033857874
49.008973672175,8.4391230848208,-0.2720736732051,9.8767431150685,-0.61271767073094,0.76826920653624,10.081641720269
49.008970954762,8.4391373489904,-0.2731166732051,9.824607969384,-0.55757544224013,0.50045445799743,9.9507461030279
49.008968535543,8.4391502463928,-0.2736986732051,9.7782746540388,-0.54649655671321,0.57303353101089,9.9214378355767
49.008966104926,8.4391631179429,-0.2749536732051,9.7272469142013,-0.72657876575635,0.55435682173332,9.6864872694395
49.008963466526,8.4391771401523,-0.2764136732051,9.6567656928362,-0.8058148480237,0.34416840297507,9.4771001548908
49.008961065345,8.4391898053696,-0.2783846732051,9.5878033604839,-0.8463528704503,0.22069033822403,9.5358617750949
49.008958680049,8.4392023268674,-0.2802136732051,9.5100637702268,-0.91160777651192,0.21063645554791,9.9890885170281
49.008956065814,8.4392159484941,-0.2824876732051,9.4000967418191,-1.2070647982155,0.18774352411182,10.039033698736
49.008953705834,8.4392281514298,-0.2843476732051,9.2867959568725,-1.2072457546391,0.1969685324341,9.974418565741
49.00895136298,8.4392401943103,-0.2861446732051,9.1705148523914,-1.2796276507973,0.16832052745789,10.017896640877
49.008948793447,8.4392532371137,-0.2880516732051,9.039427432365,-1.2876184729548,0.059725803464643,9.789607737592
49.008946477001,8.4392649081028,-0.2898376732051,8.9147371881686,-1.432857452846,0.36939861339632,9.6400352627804
49.008944189441,8.4392764073311,-0.2918086732051,8.7844700791642,-1.4607638727715,0.22594971737068,9.4388669191442
49.008941686524,8.4392888288694,-0.2939016732051,8.6429461228903,-1.4263222506982,0.21870736211935,9.4209187491936
49.00893945761,8.4392999420211,-0.2958566732051,8.515078804231,-1.4308895417256,0.31072719366356,9.7015412743644
49.008937035002,8.4393119555648,-0.2976616732051,8.3649247999962,-1.533779114232,0.23605116480028,9.8740762015861
49.008934862271,8.439322670656,-0.2991436732051,8.2229116138564,-1.6186891605929,0.37147852225497,9.8788428573911
49.008932719698,8.439333193483,-0.3006246732051,8.0777248680512,-1.641874621993,0.32634368593583,9.8475435876029
49.008930397556,8.4393445238329,-0.3022066732051,7.909971642062,-1.687766860103,0.24966319233619,9.9677474247342
49.00892830748,8.4393545963556,-0.3033016732051,7.7542746615133,-1.7195904253416,0.17189843654267,9.8125235047254
49.008926247386,8.4393644513731,-0.3039986732051,7.588793755535,-1.7697910883462,0.36732402697248,9.6883575254701
49.00892404278,8.4393750238916,-0.3051206732051,7.394970176597,-1.9552665818992,0.54911513762662,9.5239379495279
49.00892209635,8.4393843960127,-0.3061636732051,7.2122983061525,-1.9399484131628,0.39302940154534,9.6113030101309
49.008920181825,8.4393934966558,-0.3069316732051,7.026934553836,-1.9636630425597,0.28193596081989,9.8367285842962
49.008918121414,8.4394032387725,-0.3080586732051,6.819818703497,-1.9906462013166,0.50372644170062,9.9220761059164
49.008916310807,8.4394118126287,-0.3091186732051,6.6289489467519,-2.0259905400191,0.52838498740522,9.9106682817799
49.00891455507,8.4394201578371,-0.3104496732051,6.4341468948853,-2.0434864202805,0.38784744738469,9.8118707870796
49.008912663436,8.4394290585492,-0.3120406732051,6.2334843457732,-1.8804839166302,0.32242533399793,9.7094546021321
49.008910984679,8.4394368997958,-0.3136996732051,6.0667356059442,-1.7325727181414,0.32594011273982,9.6451570257452
49.008909347676,8.4394445373853,-0.3158686732051,5.9079402475228,-1.689919042718,0.46679669153415,9.5624806184741
49.008907590799,8.4394526901884,-0.3190886732051,5.7370080760702,-1.6183958369464,0.23658173269422,9.8116404109134
49.008906059266,8.4394598570513,-0.3218606732051,5.5850161153016,-1.5753673229404,0.16015476043849,9.7642069178165
49.00890436049,8.439467564909,-0.3251686732051,5.4195506829122,-1.6200753384352,0.37919704245863,9.8666798940352
49.008902793678,8.4394744253678,-0.3281936732051,5.2613494915688,-1.7266709442347,0.39952949047907,9.8346463602927
49.008901211608,8.4394811726397,-0.3312366732051,5.1023656497884,-1.6642660278311,0.42737939966005,9.9358562484995
49.00889965812,8.439488171503,-0.3344196732051,4.9440016710088,-1.4600762992441,0.19982881490585,9.8656397156404
49.008898194711,8.4394941670688,-0.3370546732051,4.807917741632,-1.436884153296,0.2249750907099,9.4842740293594
49.008896683863,8.4394999258739,-0.3397526732051,4.6752346120903,-1.4024291428513,0.25704634843865,9.5990771544935
49.008894925512,8.4395060515817,-0.3427916732051,4.5349006925835,-1.3254467061078,0.34670995967021,9.8279540250397
49.008893453171,8.4395116624391,-0.3446036732051,4.4035477545822,-1.5623183807693,0.53687131600517,9.8964388510953
49.008892046545,8.4395170912576,-0.3459666732051,4.2556727978102,-1.5787978536281,0.60145901055799,9.7610627530845
49.008890548853,8.4395228319101,-0.3471576732051,4.0920163461006,-1.6146807167325,0.30745404570862,9.7082826789833
49.008889367764,8.4395273502846,-0.3469706732051,3.956391192804,-1.6384118324429,0.35014266143903,9.6824159465916
49.00888815329961,8.43953210904776,-0.3438534732051,3.76391812780564,-1.70848253442524,0.37450121170246,9.74783921713248
49.0088869388352,8.43953686781092,-0.3407362732051,3.57144506280728,-1.77855323640758,0.39885976196588,9.81326248767336
49.0088857243708,8.43954162657408,-0.3376190732051,3.37897199780892,-1.84862393838992,0.42321831222931,9.87868575821424
49.00888450990639,8.43954638533724,-0.3345018732051,3.18649893281056,-1.91869464037226,0.44757686249273,9.94410902875512
49.008883295442,8.4395511441004,-0.3313846732051,2.9940258678122,-1.9887653423546,0.47193541275616,10.009532299296
49.008882590282,8.4395540128017,-0.3268086732051,2.8456239203178,-1.9855591452186,0.45794547680305,9.5757233749918
49.008881688768,8.4395577344983,-0.3194946732051,2.6458075934934,-1.931818992467,0.43224278001151,9.4899736379504
49.008880943766,8.4395608785525,-0.3116756732051,2.4690597342451,-1.8843692014925,0.50499700901433,9.6624027227693
49.008880262868,8.4395638108127,-0.3031116732051,2.2964870967533,-1.8436240842987,0.46361274877551,9.6677875594883
49.008879586292,8.4395667840876,-0.2929006732051,2.1137481808019,-1.7550223972609,0.54645079807621,9.7279424265569
49.008879038975,8.4395692899248,-0.2833996732051,1.9572032448809,-1.678271887289,0.45515782257665,9.7943174726582
49.008878540431,8.4395715902393,-0.2741556732051,1.8047099665158,-1.6906373386986,0.43336436743137,9.8418029419161
49.008878059288,8.4395739174194,-0.2641936732051,1.6347893953399,-1.7005919989513,0.43979867226966,9.8667824877984
49.008877675062,8.4395758054251,-0.2551266732051,1.4843018387693,-1.3718986691111,0.36530421910343,9.7565398334166
49.008877316986,8.4395776211908,-0.2447986732051,1.4162830253731,-0.50410145164415,0.33274974999305,9.6067936161777
49.008876943433,8.4395795842362,-0.2327026732051,1.3937401014092,-0.22506071376466,0.39146012406853,9.8400656077408
49.00887661768,8.4395813749704,-0.2211946732051,1.3854016277596,-0.17108017479897,0.24043385567276,9.9213527979214
49.008876293854,8.439583165855,-0.2082996732051,1.377340403794,-0.15261785373284,0.33681810438484,9.8986752112886
49.0088759611,8.439585150302,-0.1941916732051,1.3692115537261,-0.20173814607101,0.51073868366399,9.8113728915448
49.008875686929,8.4395869464144,-0.1813686732051,1.356583111117,-0.24481218947297,0.35838483566541,9.8058132990861
49.00887543002,8.4395886886805,-0.1676756732051,1.3431272505633,-0.21002635021205,0.29473245085623,9.7602687244523
49.008875152965,8.4395907209638,-0.1522566732051,1.3381232388744,-0.064760816214416,0.36911628681779,9.7184036101692
49.008874823367,8.4395925662505,-0.1376946732051,1.3581468760983,0.2451441152607,0.31645104390762,9.678756451634
49.008874653166,8.4395945105996,-0.1215546732051,1.4141350748742,0.61811957511927,0.33907509995045,9.7369172468157
49.008874336949,8.4395967676613,-0.1017756732051,1.5213229199686,1.1022146310273,0.43501233860623,9.7550685562272
49.008874211406,8.4395989210974,-0.081990673205103,1.6540932356893,1.3744446797371,0.46267729505237,9.9001705002464
49.008874114778,8.4396012032373,-0.059849673205103,1.8034041045927,1.5483032670491,0.52530484910999,9.9438051072621
49.008874108344,8.4396040117045,-0.032873673205103,1.9789252368596,1.629629577503,0.63431552769125,9.8082649305135
49.008874023352,8.4396069652222,-0.0056946732051033,2.137380160369,1.5276933803208,0.78086534112863,9.7498227400249
49.008874152008,8.4396100507958,0.024131326794897,2.2858555589085,1.4746409367873,0.79884185426433,9.8764514110008
49.008874246791,8.4396137411497,0.059656326794897,2.4446466380917,1.4113304217937,0.86884310699591,9.8166744687524
49.008874565596,8.439617231108,0.093829326794897,2.5855117667211,1.424645250398,0.99070317611009,9.7567276763173
49.008874919764,8.4396209332203,0.1298213267949,2.7270338007319,1.4312829934594,1.0920558694278,9.7382344434661
49.008875506448,8.4396251551305,0.1717003267949,2.8801249551857,1.3735494597154,1.2896401660143,9.7645830809479
49.008876108697,8.4396291341415,0.2116963267949,3.0131681012081,1.3190126476258,1.4595712890671,9.8068885465323
49.008876828773,8.439633233024,0.2531643267949,3.1323107899325,1.1486361483804,1.4924815297955,9.8387789084824
49.00887782515,8.4396378160078,0.3003213267949,3.2560981740941,1.1980767816743,1.5769821607776,9.7527604218149
49.0088788282,8.4396421456286,0.3441883267949,3.3751348247608,1.2187222549067,1.7000840946297,9.7474007344956
49.008879983961,8.4396466688221,0.3884613267949,3.4936458604469,1.1788307571383,1.8812250242519,9.7457696020625
49.008881422889,8.4396517567377,0.4369863267949,3.62880444276,1.2187180727033,1.7376237839052,9.6105908279626
49.008883018062,8.4396564450635,0.4805843267949,3.7621052273398,1.3964008418346,1.6909015257428,9.8515366882467
49.008884782665,8.4396611964466,0.5229413267949,3.9113642283373,1.5152082334946,1.7507737991898,9.921334028977
49.008886879382,8.4396665690077,0.5678563267949,4.0860978092946,1.6415099359207,1.7955378604066,9.8790289135535
49.008888958214,8.4396715312588,0.6076373267949,4.2478265566622,1.6043857417554,1.9094493921097,9.7317808797412
49.008891225172,8.4396765794376,0.6465533267949,4.4076687663223,1.5322840806363,2.0511200671635,9.6057529777166
49.008893983698,8.4396821714477,0.6894183267949,4.5769977059137,1.4494107523848,1.8769859733106,9.7478434003681
49.008896728072,8.4396873328823,0.7297353267949,4.7340037152069,1.5521561574852,1.9638235200651,9.8772278050696
49.008899618477,8.4396925929179,0.7711703267949,4.8976632934202,1.4776285128787,2.2509786055322,9.7113247282404
49.008903045934,8.439698249566,0.8167663267949,5.0734157693652,1.4280387803417,2.5171730729087,9.3255312897301
49.008906470563,8.4397033053278,0.8572953267949,5.231720593683,1.428877288648,2.7826430727217,9.3477863176631
49.008910126963,8.439708192444,0.8962343267949,5.3872020230382,1.3960607250019,2.5366143664227,9.5918418318645
49.008914448506,8.4397134907515,0.9360883267949,5.5719240771392,1.6075877460932,2.2435607734352,9.836249561522
49.008918687493,8.439718216054,0.9684513267949,5.7410470061355,1.5833977271735,1.96786901832,9.402890408915
49.00892364941,8.4397232299618,1.0008943267949,5.9103304250536,1.4666104246386,1.9310564030606,9.7304757851929
49.008928441501,8.439727643107,1.0285203267949,6.0651911087776,1.49065090241,2.2792310872725,10.759647686527
49.00893338895,8.4397319667195,1.0544663267949,6.2152894571587,1.5416347500716,2.0191287790237,9.7103961125451
49.008939087582,8.4397366362086,1.0832813267949,6.3662505975949,1.2858844077046,1.611045111111,9.8864393453734
49.008944423233,8.4397408359282,1.1098103267949,6.5008385265901,1.3653680903723,2.0824088291216,10.132475766892
49.008949901169,8.4397449643665,1.1351083267949,6.6342945111065,1.3495453415809,2.1855452855652,9.6370540766005
49.008956044585,8.4397492993483,1.1600463267949,6.7809153490469,1.3309252373309,2.1408195762579,9.6393180585273
49.008961802034,8.4397530892955,1.1799453267949,6.9137619135655,1.2876410407994,1.7498308066204,9.7638798075066
49.008967683486,8.4397567547703,1.1973783267949,7.0407998525636,1.2460732066521,1.5151955732219,9.6044876252402
49.008974320061,8.4397607173132,1.2135983267949,7.1799350843229,1.2775805065894,1.2696833583735,9.6208264195562
49.008980479751,8.4397642262852,1.2256163267949,7.3080945058847,1.2643257595425,1.1437042561907,9.698006205073
49.00898741364,8.4397679988457,1.2354873267949,7.4474411317706,1.2215910835285,1.0097295641412,9.9209351342037
49.008993873344,8.4397713372924,1.2426623267949,7.5638819629624,1.062947341272,0.72128565397169,10.00112858681
49.009000422398,8.4397746759297,1.2482933267949,7.6612410236554,0.87639978147904,0.6451988332256,9.786403683031
49.009007666391,8.4397783888294,1.2532193267949,7.753264049098,0.78722206301024,0.55649196778327,9.7254287833295
49.009014293074,8.4397817505548,1.2573213267949,7.8280945944529,0.69642039207827,0.50538057284638,9.7118095146054
49.009020963887,8.4397851108852,1.2614533267949,7.8941381146509,0.60504597683787,0.46318611690086,9.7357157501445
49.009028370888,8.4397887742393,1.2655653267949,7.967031641674,0.60790436604796,0.66084802611882,9.6862982820405
49.009035192365,8.4397920685399,1.2684113267949,8.034089383626,0.61389056669043,0.63191537873681,9.3667865685799
49.009042166252,8.4397953440669,1.2703193267949,8.1078031982865,0.74763928895722,0.42592690489622,9.6696985730663
49.009049984022,8.4397989342311,1.2710973267949,8.1926814570056,0.77153393582705,0.29967862588002,10.144767355713
49.009057165965,8.439802204919,1.2710683267949,8.2696840994811,0.72798657385523,0.28399865467589,10.267040414731
49.009065160933,8.4398057837481,1.2706663267949,8.3493262227081,0.70422031059253,0.16490633462431,10.047481403531
49.009072451608,8.439809177728,1.2692923267949,8.4183272769978,0.7162936438194,0.050577710168821,10.307721094517
49.009079744534,8.4398126031351,1.2676273267949,8.4852279543836,0.61677949608323,0.34082090911668,9.8812533691022
49.009087768076,8.4398164176505,1.2655553267949,8.5511361069227,0.55219240343305,0.0051799896372593,9.63351612181
49.009095156676,8.4398198850892,1.2636493267949,8.60274561511,0.43940400220939,-0.015801782363042,9.3358397572519
49.009102536079,8.4398234376594,1.2618993267949,8.6569369236986,0.54442221954933,-0.18203062525339,9.3983326667762
49.009110677487,8.4398274639295,1.2601383267949,8.7196370116369,0.56301114833926,-0.04014843461693,9.9003258349957
49.009118199814,8.4398311304032,1.2583593267949,8.7831801390088,0.6089468778582,0.089261107231505,9.9555915297048
49.009125745869,8.4398348531392,1.2567693267949,8.8500746930377,0.58176922881316,0.16803903545919,9.8553281253188
49.00913407999,8.4398390265554,1.2545943267949,8.917444633505,0.51822234602301,0.030638897210475,9.9500508143569
49.00914174419,8.439842890797,1.2528703267949,8.9751744475343,0.537435325183,0.02290830304659,9.6669883795408
49.009150137329,8.4398472318735,1.2505033267949,9.0399098551384,0.52504102773033,0.11502987507002,9.6499928534338
49.009157818957,8.4398511930206,1.2487003267949,9.1031330967199,0.71402469162389,0.1113925921696,9.9393997610193
49.009165570618,8.4398551984558,1.2467403267949,9.1825788253255,0.79592353104465,0.023988696170869,10.035063433757
49.009173443504,8.4398592270134,1.2450953267949,9.2587998817585,0.71315922437054,0.10371207805868,9.9705782884702
49.009182163544,8.4398637236162,1.2431133267949,9.3297617966853,0.54720563582412,0.12932395943826,9.7010844992156
49.009190118471,8.4398679003318,1.2413103267949,9.3789296679952,0.41932022451829,0.033730384920824,9.5102768479944
49.009198925188,8.4398725094688,1.2396153267949,9.4337477384239,0.49915523054476,0.0065580619932993,9.7936021902663
49.009206943504,8.439876778279,1.2381723267949,9.4881023595443,0.51633171305646,0.083164003525531,9.8766795571716
49.009215032595,8.4398810607283,1.2361573267949,9.5443628808546,0.51184517446266,0.02724636491573,9.9728153219779
49.009223963967,8.4398858446294,1.2338403267949,9.6010422022165,0.27425563053273,0.073563890244275,9.7768734362534
49.009232150811,8.4398902125148,1.2313103267949,9.6467002142971,0.22333751234256,-0.20569619086377,9.6543263081645
49.009240360968,8.4398946498819,1.2284953267949,9.682361907167,0.22118974875986,-0.38599432186445,9.5107359446209
49.00924936021,8.4398996349263,1.2249463267949,9.7111748154283,0.25999063378689,-0.10621873435976,9.7806688373024
49.009257574809,8.439904184291,1.2219743267949,9.7445692838153,0.35342234201508,0.22275782544626,9.5112940080328
49.009265826955,8.4399088298191,1.2193233267949,9.7719895585312,0.22636297924638,-0.14079356052995,9.9079951867878
49.009274936181,8.4399139453192,1.2161373267949,9.7963354816106,0.13443647547828,0.070781559398036,9.7633626603265
49.009283226013,8.4399186174305,1.2130533267949,9.8100746630245,0.095645228998351,0.12520195358709,9.9202925119903
49.0092915127,8.4399233066494,1.2100063267949,9.8182963545598,0.10247621376023,-0.3052992460256,10.562097513051
49.009300601001,8.4399285719044,1.2062163267949,9.8367707803888,0.18141967702,-0.47368232724411,10.395137642127
49.009308893914,8.4399334208434,1.2032843267949,9.8530895213883,0.091156558892798,-0.18916021993536,9.8881062045254
49.009318076302,8.4399388134896,1.2003733267949,9.8587933620475,-0.13082146051806,-0.58256769957921,9.1695601528425
49.009326374197,8.4399437349934,1.1988033267949,9.8453958455626,-0.29515285621909,0.064859897396823,8.9088520725784
49.009334603812,8.4399486463946,1.1960723267949,9.8419737532001,-0.14652183647985,-0.019488667954663,9.1592121411968
49.009343640714,8.439954058331,1.1928873267949,9.8442132095226,-0.10305069581846,0.44238742181708,10.126931268934
49.009351872672,8.4399589967825,1.1899403267949,9.8602763894138,0.069870254847811,-0.028698535279036,10.029674391675
49.009360119765,8.4399640157029,1.1875923267949,9.8683701825865,-0.0182171152375,-0.49377301720038,10.103248171382
49.009369187096,8.4399695710774,1.1852923267949,9.878217187224,0.057858879614798,0.12692190997058,9.8380640101578
49.009377485145,8.4399746608804,1.1827863267949,9.8982079723029,0.18789532448942,-0.048851088189374,10.304722104097
49.009385786661,8.4399797811399,1.1804833267949,9.9276265562776,0.32930750371057,0.082620177275805,10.366835544752
49.009394934563,8.43998543937,1.1774853267949,9.9632920203017,0.31781237843783,0.0025307836013361,10.0151647821
49.009403264479,8.4399906258321,1.1748283267949,9.9901800109155,0.23726516940497,-0.16545195981522,9.6486255568044
49.009412527531,8.439996481877,1.1720463267949,10.019229222722,0.21001151186368,-0.26392782558781,9.5343270265863
49.009420792571,8.4400018013827,1.1696583267949,10.04810912323,0.30411365860946,-0.059484684717104,9.7526203572124
49.009429137244,8.4400072169735,1.1672563267949,10.08092219685,0.31186207572544,-0.13480001129959,9.8156810507835
49.009438376885,8.4400132144392,1.1646033267949,10.117753937294,0.28203649223025,0.081323258641137,9.7885095176576
49.00944683684,8.4400186992339,1.1619523267949,10.150794986178,0.25606081949155,0.042803078498061,9.5730471126593
49.009455297533,8.4400242326373,1.1594003267949,10.183758237461,0.24976483540048,-0.020891218959034,9.6801486787611
49.009464595421,8.4400303586155,1.1564063267949,10.21666213979,0.18327772675045,-0.099689952528591,9.6948257340161
49.009473095481,8.4400359560787,1.1537733267949,10.236151216295,0.0080818212733834,-0.034720528258004,9.8310583122038
49.009481550916,8.4400415569063,1.1510253267949,10.238325497408,-0.088185479854259,-0.14094795147918,9.8639898453205
49.009490839134,8.4400477680494,1.1480943267949,10.229437919209,-0.18240726611314,-0.13357593538287,9.8307012083476
49.009499269323,8.440053471082,1.1453613267949,10.217697091953,-0.2003656025941,-0.16174140592078,9.9459998308091
49.009507664657,8.4400592088211,1.1428723267949,10.202960812325,-0.25295135605573,-0.17451524614436,9.9943987499209
49.009516877762,8.4400654625716,1.1404173267949,10.174177745092,-0.40521648626746,-0.14186320993184,9.955133281599
49.009525241144,8.4400711741819,1.1383173267949,10.150972019701,-0.25249702429126,-0.083532824190537,9.7858147928712
49.009533576412,8.4400768942198,1.1361923267949,10.131373091777,-0.30831940046059,-0.0093583566654966,9.7927492628888
49.009542684755,8.440083251674,1.1339153267949,10.100737795596,-0.32908036325071,0.058346738502854,9.7706960107336
49.009550941248,8.4400890470846,1.1318293267949,10.074831605733,-0.41428551728565,-0.0080391056897487,9.6171590576764
49.009559988632,8.4400954001743,1.1295713267949,10.032405146158,-0.48178600750884,0.028092504520572,9.6262015298316
49.009568190442,8.440101179127,1.1273423267949,9.9976403469363,-0.40456391791012,0.041204305771164,9.7405502716268
49.009576340549,8.4401069576925,1.1251023267949,9.9653391151712,-0.42595058356733,0.07765625565241,9.9017405536546
49.009585282542,8.4401133173914,1.1227773267949,9.9279444592408,-0.4501676542143,-0.17921381278521,9.9279594109773
49.009593349612,8.4401191146609,1.1208283267949,9.8908247958922,-0.41723440076203,0.0092273682223926,9.8089861116578
49.009601408042,8.4401248894442,1.1184953267949,9.8608540628425,-0.36827734806551,-0.16657216771579,9.9117244833281
49.009610238099,8.4401312676154,1.1162093267949,9.8209595511621,-0.45851838756716,-0.1647107801673,10.024406237177
49.009618199265,8.4401370883291,1.1141093267949,9.7795934941854,-0.57472950854391,-0.16102176567797,9.555625744674
49.009626111709,8.440142906268,1.1120823267949,9.7331155556584,-0.59376759722542,0.1135435396609,9.5777909048083
49.00963475132,8.440149311228,1.1099663267949,9.6862663328517,-0.50193380871929,-0.05900504397179,9.6880354831638
49.009642595362,8.4401551000079,1.1081583267949,9.6433072832216,-0.54676063934354,0.09460084734403,9.8130218614751
49.00965038218,8.4401608830713,1.1060813267949,9.6029478401421,-0.48813300172084,0.11329137588972,9.817079788785
49.009658913641,8.4401672292063,1.1038353267949,9.5574235682512,-0.52724372368617,0.069428873138342,9.8109716412292
49.009666620851,8.4401730052927,1.1017903267949,9.5169929217119,-0.53124622001413,-0.015163663380607,9.7172819258357
49.009674289701,8.4401787786467,1.0997753267949,9.476638286287,-0.50560923829512,-0.14724082255443,9.8161846549526
49.009682697808,8.4401851314187,1.0972573267949,9.4343984765858,-0.53690500378993,-0.11228106966664,9.7538331934321
49.009690273079,8.4401909226998,1.0949253267949,9.3958111581005,-0.4987376508286,-0.12688079831905,9.8858593160967
49.009698554955,8.4401973134011,1.0923073267949,9.3537888476518,-0.57252624163409,-0.2261431715062,9.6768239680114
49.009706024574,8.4402031380711,1.0901683267949,9.3116832281947,-0.56093485226415,-0.041922558605965,9.7702830377765
49.009713467781,8.4402089484184,1.0876963267949,9.2716304397756,-0.43664369034266,-0.26538759606526,9.8470189918853
49.009721609495,8.4402153402212,1.0844053267949,9.2260978524777,-0.61476842444854,0.14230253987695,9.6004488231236
49.009728989944,8.4402211346749,1.0804743267949,9.1915407350892,-0.43034817514094,-0.0030278849604077,10.059752446815
49.00973630724,8.4402269777295,1.0755433267949,9.1600853007761,-0.52430534647686,-0.72321952020754,9.7222497350945
49.009744287885,8.4402334524791,1.0702533267949,9.1106674758614,-0.63718134393812,-0.064849452006794,9.9629855855251
49.009751496674,8.4402393317197,1.0650663267949,9.0667984312349,-0.62104331150061,-0.20647006855597,9.4545106079685
49.009758643997,8.440245238007,1.0601773267949,9.0170621639395,-0.61625156099967,-0.17173179384125,9.8912967494096
49.009766447496,8.4402517503865,1.0545103267949,8.97012205873,-0.51034227691824,-0.12385392685926,10.168420858395
49.009773470342,8.4402577042979,1.0493983267949,8.921074666051,-0.64592628939529,-0.40513887325679,9.982686055449
49.00978044819,8.4402636895851,1.0450353267949,8.8619803979953,-0.76271517559529,-0.16250688188867,9.7170503609288
49.009788071881,8.4402702555895,1.0404143267949,8.8008420431944,-0.67835227635514,-0.22524532892502,9.5536407048663
49.009794992374,8.4402762162008,1.0369113267949,8.7510343924551,-0.64925509278571,-0.17232909323652,9.559401315374
49.009802480178,8.4402828150805,1.0330863267949,8.6925357253442,-0.71040361465834,-0.050226431508443,9.7064892543561
49.009809236749,8.4402888067687,1.0302703267949,8.63060654978,-0.83490458995705,0.0025986541715371,9.8418556064178
49.009815916609,8.4402947605217,1.0278923267949,8.5626560285707,-0.78365965506202,0.092843239078121,10.085991803269
49.009823194542,8.4403012425115,1.0258953267949,8.476011458841,-0.89921360419783,0.086884597229061,10.060319911875
49.009829693803,8.4403070996319,1.0242693267949,8.3858598618319,-1.0666294343975,0.23736673075691,10.022378197702
49.009836113708,8.4403129052401,1.0226373267949,8.2824292108476,-1.1666162877584,-0.0094778935055164,9.7132021882134
49.009843045752,8.440319233131,1.0212113267949,8.1523336373602,-1.2951880894837,0.25026673909131,9.6864445301321
49.009849236557,8.4403249046076,1.0199573267949,8.025728356553,-1.4577568060022,0.0047311351834638,9.6288669328999
49.009855342894,8.4403305023471,1.0197373267949,7.8884094757234,-1.5626224006075,-0.019584720022426,9.79664776773
49.009861899595,8.4403365750501,1.0204023267949,7.7283574144739,-1.6052778355472,0.26812130219125,9.8594588548318
49.009867728082,8.4403419593993,1.0215623267949,7.5745324682978,-1.6910946995474,0.30540412432606,9.6851282225041
49.009873425971,8.4403472371892,1.0228733267949,7.4169859630613,-1.6168073550859,0.4517018439315,9.8012369641665
49.00987958286,8.4403528717881,1.0239793267949,7.2628959353582,-1.4138632495993,0.43061594452845,9.7403617642401
49.009885106172,8.4403578922769,1.0250033267949,7.1447320620239,-1.2110487626204,0.40679810242541,9.7419727240048
49.009890542826,8.4403628360548,1.0263813267949,7.0305461751153,-1.2817209376886,0.31706499551356,9.9455244587066
49.009896413542,8.4403681723175,1.0278523267949,6.9009242331077,-1.2790902221886,0.35314657083178,9.7076451383141
49.009901649926,8.4403729320957,1.0296183267949,6.7772551291432,-1.3592728037612,0.34766496489435,9.8124043025248
49.009907282309,8.4403780702605,1.0324943267949,6.6315239319065,-1.373865954423,0.31027405660809,9.8002666080096
49.009912306706,8.4403826018151,1.0363443267949,6.5045500980177,-1.2257571991491,0.43110259658433,9.9957453397545
49.009917247416,8.4403870239689,1.0403773267949,6.3864012712482,-1.1858314107988,0.61736358851156,9.7985357786001
49.009922591155,8.4403917539581,1.0444423267949,6.2554157376763,-1.2107748738922,0.62007206990745,9.7686444178677
49.009927383536,8.4403959818463,1.0479803267949,6.1342670116663,-1.211823130376,0.52352568055457,10.174852388893
49.009932091254,8.4404000795732,1.0514303267949,6.0137551236967,-1.4023525836258,0.17821487096511,9.4623640555632
49.009937163549,8.4404044579218,1.0549993267949,5.8686093484983,-1.4254672405183,0.55836549243302,9.6368188104736
49.009941664321,8.4404083198997,1.0579303267949,5.7325370671835,-1.5589299465656,0.70293983700488,9.7822846504533
49.009946064015,8.4404120375469,1.0607523267949,5.5841203831818,-1.6243076941419,0.56442182134011,9.7698348018268
49.009950767722,8.4404159716161,1.0637613267949,5.4110601751815,-1.7385045847117,0.33995285396515,9.8500036550087
49.009954926829,8.4404194239177,1.0667133267949,5.2436935462602,-1.833577724931,0.40353354890355,9.7557162142211
49.009958965344,8.4404227319461,1.0696103267949,5.0683444007318,-1.9293177287974,0.54378075563877,9.7535747807619
49.009963230955,8.4404262244411,1.0719863267949,4.8687930579979,-1.9527611781697,0.46289223224099,9.8101263509661
49.009966965118,8.4404292544811,1.0735973267949,4.6793248030098,-2.0842621978523,0.46044456869964,9.7466464878483
49.00997053155,8.4404321448032,1.0741653267949,4.4820665655173,-2.1022079973651,0.45895770374089,9.737734335119
49.009974305244,8.4404351346398,1.0732273267949,4.2595711642903,-2.1145504975804,0.19864393116146,9.828923779025
49.009977538222,8.4404377305018,1.0712833267949,4.0520769022489,-2.1574687827276,0.1812251808686,9.8436986709977
49.009980902432,8.4404404544771,1.0677013267949,3.8225433508265,-2.1777693161854,0.017475700024764,9.8248451618319
49.009983755187,8.4404428333531,1.0641823267949,3.6135497154002,-2.145555038511,0.020845278310518,9.7344435259548
49.009986441838,8.4404451018513,1.0602183267949,3.4073091804714,-2.1474536468937,0.28922267925069,9.803458572194
49.009989232724,8.4404474026365,1.0558403267949,3.1846690670076,-2.1368788719637,0.34088104633309,9.7156941162173
49.009991594882,8.4404493625123,1.0521923267949,2.9804618215847,-2.1190785902448,0.24178766026194,9.9256304195092
49.009993788704,8.4404512000946,1.0491803267949,2.7731193929335,-2.2139551349147,0.047231419755819,9.8777578714004
49.009995989435,8.4404531145518,1.0459233267949,2.5509737077039,-2.033832860023,0.13669236967532,9.6957005311865
49.009997845564,8.4404547136596,1.0430503267949,2.3606405447555,-1.9740234475908,0.31342278457972,9.7972758525935
49.009999555162,8.4404561757256,1.0410223267949,2.1785330874748,-1.9238928484454,0.48499566538161,9.6904223051897
49.010001296771,8.4404576373187,1.0385323267949,1.9942869262912,-1.673538769205,0.31270692761156,9.7077863270632
49.010002747829,8.4404588706288,1.0363453267949,1.8452493308338,-1.7376182577173,0.30188275012358,9.753312442821
49.010004072043,8.4404600048259,1.0345783267949,1.6840800121315,-1.7848576872733,0.16263332017034,9.8475496026672
49.010005301058,8.4404611969357,1.0325953267949,1.5093178268869,-1.6529935755556,0.074180267627642,9.7400622903423
49.010006291552,8.4404621331215,1.0310533267949,1.3652376733398,-1.4696428588441,0.24219063184246,9.7721243771652
49.010007256129,8.4404630378834,1.0297963267949,1.2164241489167,-1.3796767322128,0.55466411410224,9.7401721222254
49.010008065377,8.4404637552127,1.0286313267949,1.0960006338946,-1.2124344037264,0.51624570220994,9.6911382488904
49.010008781163,8.4404643911318,1.0274973267949,0.98822514671238,-1.0880154087577,0.18163931964617,9.7042053232601
49.010009502518,8.4404650508347,1.0262963267949,0.89070872924022,-0.85071699701806,0.23458411007633,9.8405139834487
49.010010089254,8.4404655942179,1.0254143267949,0.81856013404998,-0.77048375140833,0.32903688608732,9.8740224952909
49.010010635099,8.4404660995694,1.0246393267949,0.74897316327872,-0.79732940523402,0.38125985356669,9.8258946677241
49.010011170809,8.440466594919,1.0237913267949,0.66840920147169,-0.80064293237129,0.30724782191544,9.7735382614769
49.010011601356,8.4404670039195,1.0230053267949,0.59675534914015,-0.78181406227254,0.32942778922568,9.7855548675706
49.010011959305,8.4404673974667,1.0225253267949,0.52276638105505,-0.83284555885647,0.36668149723945,9.8234969115355
49.010012218805,8.4404678555632,1.0224593267949,0.43090937702514,-0.94301588094811,0.39840791621451,9.8515957181922
49.010012380995,8.4404681740534,1.0223223267949,0.3376052749379,-1.0301739524619,0.28246049168017,9.8371698830333
49.010012385204,8.4404684251919,1.0223903267949,0.23506125370783,-1.1188707435698,0.27138613252318,9.805271655065
49.01001235746,8.440468595051,1.0225263267949,0.11296666315285,-1.193855487833,0.34825679740663,9.7786085740905
49.010012225897,8.4404686500673,1.0228243267949,-0.0052114590924577,-1.2532394675691,0.41157524711369,9.7684023879021
49.010012047269,8.4404686189557,1.0229223267949,-0.097603308576269,-0.40474378952166,0.37715865950123,9.7574515070577
49.010011874828,8.4404686110487,1.0230973267949,-0.087107424456745,0.29828675499047,0.32626801694024,9.7649644582574
49.010011759867,8.4404686328651,1.0231713267949,-0.055628028126906,0.13436698747732,0.28873132710759,9.8104300163669
49.010011622597,8.4404686579238,1.0232073267949,-0.063104513897687,-0.21933640793665,0.31444148494541,9.801390083184
49.010011509476,8.4404686577434,1.0233403267949,-0.074309321833515,-0.050452803582202,0.36042714461704,9.7937125187562
49.010011403763,8.4404686611394,1.0233613267949,-0.06916117664572,0.021439440733747,0.37689800741659,9.8452863206974
49.010011309976,8.4404686694291,1.0234293267949,-0.070229020219935,-0.10241635418671,0.34206789841494,9.7918061833966
49.010011277249,8.4404686768188,1.0233773267949,-0.075799040147579,-0.10242998818963,0.3268613368865,9.7802717385085
49.010011360609,8.4404686209327,1.0232653267949,-0.076345712694888,-0.051457626183173,0.33754105368776,9.808275770214
49.010011474546,8.4404685639547,1.0231673267949,-0.07096788113823,-0.02909502731878,0.33742039702908,9.8104144824643
49.010011656039,8.4404685279214,1.0230353267949,-0.068449360164964,-0.11144355063464,0.35249116094072,9.7893628484416
49.010011770384,8.4404685246014,1.0229133267949,-0.068371613764251,-0.072978556363599,0.32197726391639,9.8194498284335
49.010011913569,8.4404685249528,1.0228343267949,-0.061985281738626,-0.042652162538465,0.35154874993119,9.796059491771
49.010011992344,8.4404685118298,1.0227843267949,-0.057947231551858,-0.075209909159415,0.34947860420136,9.817800296589
49.010012169189,8.4404684862017,1.0226343267949,-0.055804125452721,-0.078972433211856,0.33992263819449,9.7964942621263
49.01001225607,8.4404684697118,1.0226273267949,-0.051726783485958,-0.057601837576947,0.3345960852635,9.7973274958631
49.010012330812,8.4404684525448,1.0226083267949,-0.047932642748103,-0.059006875835885,0.34286909779162,9.8142330641037
49.010012486924,8.4404684453188,1.0225113267949,-0.04422925742022,-0.070413124421559,0.33463515704329,9.8054542110838
49.01001257275,8.4404684294478,1.0224873267949,-0.040421583698036,-0.062572254455113,0.34651727234755,9.8075429047975
49.010012691287,8.4404684091389,1.0224343267949,-0.036012306909886,-0.061319766322352,0.34077021468387,9.8049158321131
49.010012773154,8.4404683878798,1.0224653267949,-0.031900402643825,-0.06530697648493,0.32798423572474,9.80957312121
49.010012923768,8.4404683439109,1.0225103267949,-0.02830169476877,-0.079828077042362,0.35464813806665,9.7916433022455
49.010013020199,8.4404683212364,1.0224843267949,-0.024486831201192,-0.061065444706528,0.34073776069684,9.8118702399693
49.010013121386,8.4404683023533,1.0224853267949,-0.019257234551157,-0.066945735044375,0.35165168730902,9.7983070154288
49.010013186485,8.4404682862479,1.0224263267949,-0.016253740747765,-0.069402721439774,0.32394602089508,9.8100124821333
49.010013239635,8.4404682711747,1.0223893267949,-0.013783639904603,-0.07391444049507,0.35689310868847,9.7851145930149
49.01001328051,8.4404682719023,1.0223193267949,-0.010407302189114,-0.057664673098163,0.33958778715888,9.8074529486686
49.010013315646,8.4404682767299,1.0222393267949,-0.0084209305954512,-0.075249859036726,0.33821382698539,9.7915888677725
49.010013361902,8.4404682668685,1.0221743267949,-0.0062927461757912,-0.060633282872278,0.33324473273177,9.8096123419958
49.010013386243,8.4404682543434,1.0221663267949,-0.0041839967243495,-0.059295959218327,0.34437198537286,9.810988398157
49.010013415092,8.4404682418175,1.0221283267949,-0.0019803806173067,-0.067678043855821,0.34837088134184,9.7954527473596
49.010013427337,8.4404682202235,1.0221223267949,-0.00095732773471123,-0.071392613035621,0.33930301198323,9.8081347675669
49.010013432516,8.4404681801164,1.0221583267949,-0.00013630522524591,-0.07277624337651,0.35060484988115,9.7897993393666
49.010013427179,8.4404681763903,1.0219963267949,0.0011318374350717,-0.058034026979762,0.33968320493071,9.8150304680389
49.010013425463,8.4404681743619,1.0220063267949,0.0020690088327297,-0.071193491345121,0.34590610763599,9.7964752723741
49.010013400426,8.4404681674661,1.0219193267949,0.0021463225102847,-0.065924326865391,0.32999111588617,9.805111177821
49.010013389643,8.4404681568167,1.0218053267949,0.0023036586748183,-0.069380407412593,0.35060048009563,9.7934840623526
49.010013349013,8.4404681447586,1.0217973267949,0.002602755408214,-0.064154543529697,0.33960533691323,9.8043227178808
49.010013344854,8.4404681211271,1.0217993267949,0.0022035002317728,-0.077194166473832,0.34558417809353,9.7933364873219
49.01001333561,8.4404680952675,1.0217733267949,0.0023937684492138,-0.055867340184548,0.33732714327585,9.8117129215285
49.010013313306,8.4404680851689,1.0217243267949,0.0025217449073792,-0.065681886285176,0.34106667205407,9.8105538652372
49.010013293278,8.4404680725925,1.0216403267949,0.0022359114899428,-0.067465403607541,0.33886383256381,9.798716063559
